model,framework,data_pct,feature,P,R,F
lv_spacy_cnn_1pct,CNN,1,Case,0.9920301758228387,0.9928153921091086,0.9924226286479414
lv_spacy_cnn_1pct,CNN,1,Gender,0.9930729266884741,0.9938378586558829,0.9934552454282964
lv_spacy_cnn_1pct,CNN,1,Number,0.9947945039646511,0.9947945039646511,0.9947945039646511
lv_spacy_cnn_1pct,CNN,1,Person,0.9951789356573336,0.9894911504424779,0.9923268928538411
lv_spacy_cnn_1pct,CNN,1,PronType,0.9978896593307205,0.9928014397120576,0.9953390467598857
lv_spacy_cnn_1pct,CNN,1,Evident,0.9940965092402464,0.9875063742988271,0.9907904834996163
lv_spacy_cnn_1pct,CNN,1,Mood,0.9941747572815534,0.9879401833092137,0.991047665134285
lv_spacy_cnn_1pct,CNN,1,Polarity,0.995301487862177,0.9903381642512077,0.9928136228714263
lv_spacy_cnn_1pct,CNN,1,Tense,0.9929181420537389,0.988388969521045,0.9906483790523691
lv_spacy_cnn_1pct,CNN,1,VerbForm,0.9939663385201651,0.9889415481832543,0.9914475768134304
lv_spacy_cnn_1pct,CNN,1,Voice,0.9938296178343949,0.9893005745987715,0.9915599245357959
lv_spacy_cnn_1pct,CNN,1,Aspect,0.9897843359818388,0.9942987457240593,0.9920364050056882
lv_spacy_cnn_1pct,CNN,1,Definite,0.9890453834115805,0.9921507064364207,0.9905956112852664
lv_spacy_cnn_1pct,CNN,1,Degree,0.989223337049424,0.9918032786885246,0.9905116279069768
lv_spacy_cnn_1pct,CNN,1,NumType,0.9298245614035088,0.7443820224719101,0.8268330733229329
lv_spacy_cnn_1pct,CNN,1,Poss,1.0,1.0,1.0
lv_spacy_cnn_1pct,CNN,1,Reflex,0.9971139971139971,0.9971139971139971,0.9971139971139971
lv_spacy_cnn_1pct,CNN,1,ExtPos,1.0,1.0,1.0
lv_spacy_cnn_1pct,CNN,1,Foreign,1.0,1.0,1.0
lv_spacy_cnn_1pct,CNN,1,Typo,1.0,1.0,1.0
lv_spacy_cnn_1pct,CNN,1,Abbr,1.0,1.0,1.0
lv_spacy_cnn_5pct,CNN,5,Case,0.9918775200140244,0.9934449256701393,0.9926606041112312
lv_spacy_cnn_5pct,CNN,5,Gender,0.9927411417322834,0.9939640305493964,0.9933522097747138
lv_spacy_cnn_5pct,CNN,5,Number,0.9938368509797081,0.9946464940354961,0.9942415076779897
lv_spacy_cnn_5pct,CNN,5,Person,0.991992720655141,0.9932580174927114,0.9926249658563234
lv_spacy_cnn_5pct,CNN,5,PronType,0.99606962380685,0.9980309423347398,0.9970493185330898
lv_spacy_cnn_5pct,CNN,5,Evident,0.9920226453937211,0.9915123456790124,0.9917674298945203
lv_spacy_cnn_5pct,CNN,5,Mood,0.9918854415274463,0.9916487711763302,0.9917670922324305
lv_spacy_cnn_5pct,CNN,5,Polarity,0.9935769995412143,0.9928178484107579,0.9931972789115646
lv_spacy_cnn_5pct,CNN,5,Tense,0.9914477703115455,0.9904393816110659,0.9909433194260711
lv_spacy_cnn_5pct,CNN,5,VerbForm,0.9925546765937645,0.9917854928704277,0.9921699356539266
lv_spacy_cnn_5pct,CNN,5,Voice,0.9925215723873442,0.9917608737305997,0.9921410772474603
lv_spacy_cnn_5pct,CNN,5,Poss,1.0,1.0,1.0
lv_spacy_cnn_5pct,CNN,5,Reflex,0.996993987975952,0.9880834160873883,0.9925187032418953
lv_spacy_cnn_5pct,CNN,5,Aspect,0.9938398357289527,0.9897750511247444,0.9918032786885246
lv_spacy_cnn_5pct,CNN,5,Definite,0.9889737065309584,0.9885544722339975,0.9887640449438202
lv_spacy_cnn_5pct,CNN,5,Degree,0.9925925925925926,0.9900417603597815,0.991315535541975
lv_spacy_cnn_5pct,CNN,5,NumType,0.8865435356200527,0.7,0.7823050058207218
lv_spacy_cnn_5pct,CNN,5,ExtPos,1.0,0.992,0.9959839357429718
lv_spacy_cnn_5pct,CNN,5,Typo,1.0,1.0,1.0
lv_spacy_cnn_5pct,CNN,5,Foreign,0.7894736842105263,0.8333333333333334,0.8108108108108109
lv_spacy_cnn_5pct,CNN,5,Abbr,1.0,0.9705882352941176,0.9850746268656716
lv_spacy_cnn_20pct,CNN,20,ExtPos,1.0,1.0,1.0
lv_spacy_cnn_20pct,CNN,20,Case,0.9922759433962264,0.9926856603550994,0.9924807595907174
lv_spacy_cnn_20pct,CNN,20,Gender,0.9927387823496555,0.9928620197380672,0.9928003972194638
lv_spacy_cnn_20pct,CNN,20,Number,0.9958260869565217,0.9946728430804864,0.9952491309385862
lv_spacy_cnn_20pct,CNN,20,Person,0.994193207812775,0.9927956422421367,0.9934939335326184
lv_spacy_cnn_20pct,CNN,20,PronType,0.9969904240766074,0.9972632731253421,0.9971268299356957
lv_spacy_cnn_20pct,CNN,20,Evident,0.9938994631527575,0.9926882768705825,0.9932935007925863
lv_spacy_cnn_20pct,CNN,20,Mood,0.9937555753791257,0.9924276169265034,0.9930911522175172
lv_spacy_cnn_20pct,CNN,20,Polarity,0.9940493468795356,0.9936167126069926,0.9938329826597984
lv_spacy_cnn_20pct,CNN,20,Tense,0.9920450135816842,0.9903157079217509,0.9911796064747505
lv_spacy_cnn_20pct,CNN,20,VerbForm,0.9932083271814558,0.992622104175889,0.9929151291512914
lv_spacy_cnn_20pct,CNN,20,Voice,0.9938650306748467,0.9920749279538905,0.9929691725256896
lv_spacy_cnn_20pct,CNN,20,Definite,0.9891107078039928,0.9876766944545124,0.9883931809938339
lv_spacy_cnn_20pct,CNN,20,Degree,0.9921807124239791,0.9896013864818024,0.9908893709327549
lv_spacy_cnn_20pct,CNN,20,Poss,0.994413407821229,0.994413407821229,0.994413407821229
lv_spacy_cnn_20pct,CNN,20,Reflex,0.995571302037201,0.9938107869142352,0.9946902654867256
lv_spacy_cnn_20pct,CNN,20,Aspect,0.9918616480162767,0.9888438133874239,0.9903504316912138
lv_spacy_cnn_20pct,CNN,20,NumType,0.8752834467120182,0.706959706959707,0.7821681864235056
lv_spacy_cnn_20pct,CNN,20,Foreign,0.9384615384615385,0.9242424242424242,0.9312977099236641
lv_spacy_cnn_20pct,CNN,20,Abbr,0.8333333333333334,0.9210526315789473,0.875
lv_spacy_cnn_20pct,CNN,20,Typo,1.0,1.0,1.0
lv_spacy_cnn_50pct,CNN,50,ExtPos,1.0,1.0,1.0
lv_spacy_cnn_50pct,CNN,50,Case,0.9965777262180975,0.9952499565544807,0.9959133988348838
lv_spacy_cnn_50pct,CNN,50,Gender,0.9972554281532081,0.9956765314821581,0.9964653543786947
lv_spacy_cnn_50pct,CNN,50,Number,0.9981079066567284,0.9958810068649886,0.9969932132527706
lv_spacy_cnn_50pct,CNN,50,Person,0.9990622655663915,0.9958870816975135,0.9974721468027338
lv_spacy_cnn_50pct,CNN,50,PronType,1.0,0.9986241056686846,0.9993115792372298
lv_spacy_cnn_50pct,CNN,50,Evident,0.9986716259298618,0.9949708840656432,0.9968178202068416
lv_spacy_cnn_50pct,CNN,50,Mood,0.9987878787878788,0.9954095192075381,0.9970958373668924
lv_spacy_cnn_50pct,CNN,50,Polarity,0.99865571321882,0.9962747727611384,0.997463822169178
lv_spacy_cnn_50pct,CNN,50,Tense,0.9986304050088045,0.9953198127925117,0.996972360582088
lv_spacy_cnn_50pct,CNN,50,VerbForm,0.9984813971146546,0.9960612028480533,0.9972698316396178
lv_spacy_cnn_50pct,CNN,50,Voice,0.9987207602339181,0.9956276188741119,0.9971717908949913
lv_spacy_cnn_50pct,CNN,50,Definite,0.9973181361045927,0.9959825912286575,0.9966499162479063
lv_spacy_cnn_50pct,CNN,50,Degree,0.9972451790633609,0.9958734525447043,0.9965588437715072
lv_spacy_cnn_50pct,CNN,50,Poss,1.0,1.0,1.0
lv_spacy_cnn_50pct,CNN,50,NumType,0.8722109533468559,0.6969205834683955,0.7747747747747749
lv_spacy_cnn_50pct,CNN,50,Reflex,0.9989658738366081,1.0,0.999482669425763
lv_spacy_cnn_50pct,CNN,50,Aspect,0.9983552631578947,0.9967159277504105,0.9975349219391947
lv_spacy_cnn_50pct,CNN,50,Foreign,0.9504950495049505,0.9142857142857143,0.9320388349514563
lv_spacy_cnn_50pct,CNN,50,Abbr,0.9405405405405406,0.93048128342246,0.935483870967742
lv_spacy_cnn_50pct,CNN,50,Typo,1.0,1.0,1.0
lv_spacy_cnn_100pct,CNN,100,ExtPos,1.0,0.9925373134328358,0.9962546816479401
lv_spacy_cnn_100pct,CNN,100,Case,0.9976216717907072,0.9969855072463768,0.9973034880686594
lv_spacy_cnn_100pct,CNN,100,Gender,0.9975611243216878,0.9968317796868336,0.9971963186444811
lv_spacy_cnn_100pct,CNN,100,Number,0.9986240898927937,0.997651775486827,0.998137695900066
lv_spacy_cnn_100pct,CNN,100,Person,0.999809342230696,0.9990474376071633,0.9994282447112637
lv_spacy_cnn_100pct,CNN,100,PronType,0.9994493392070485,0.9983498349834984,0.9988992845349477
lv_spacy_cnn_100pct,CNN,100,Evident,1.0,0.999183895538629,0.9995917811947204
lv_spacy_cnn_100pct,CNN,100,Mood,1.0,0.9992533598805375,0.9996265405203535
lv_spacy_cnn_100pct,CNN,100,Polarity,0.9993942147508709,0.9992428831011508,0.9993185431967897
lv_spacy_cnn_100pct,CNN,100,Tense,0.9990047770700637,0.9990047770700637,0.9990047770700637
lv_spacy_cnn_100pct,CNN,100,VerbForm,0.9992298213185459,0.999075927922378,0.9991528686946477
lv_spacy_cnn_100pct,CNN,100,Voice,0.9992545657845695,0.9992545657845695,0.9992545657845695
lv_spacy_cnn_100pct,CNN,100,Definite,0.9976682211858761,0.9970039946737683,0.9973359973359974
lv_spacy_cnn_100pct,CNN,100,Degree,0.9986320109439124,0.9972677595628415,0.9979494190020505
lv_spacy_cnn_100pct,CNN,100,Poss,1.0,1.0,1.0
lv_spacy_cnn_100pct,CNN,100,NumType,0.8845401174168297,0.7151898734177216,0.7909011373578303
lv_spacy_cnn_100pct,CNN,100,Reflex,1.0,0.9989082969432315,0.9994538503549972
lv_spacy_cnn_100pct,CNN,100,Aspect,0.9975470155355682,0.9983633387888707,0.9979550102249489
lv_spacy_cnn_100pct,CNN,100,Foreign,0.9632352941176471,0.9225352112676056,0.9424460431654677
lv_spacy_cnn_100pct,CNN,100,Abbr,0.9447236180904522,0.8281938325991189,0.8826291079812206
lv_roberta_base_1pct,XLM-R-base,1,Case,0.9977795490776589,0.9970415884394379,0.9974104322586154
lv_roberta_base_1pct,XLM-R-base,1,Gender,0.9973714080888942,0.9967164179104477,0.9970438054286482
lv_roberta_base_1pct,XLM-R-base,1,Number,0.9981442951133105,0.9970229736561254,0.997583319282864
lv_roberta_base_1pct,XLM-R-base,1,Person,1.0,0.9986908546848701,0.9993449985964256
lv_roberta_base_1pct,XLM-R-base,1,PronType,1.0,0.9997092177958709,0.9998545877562891
lv_roberta_base_1pct,XLM-R-base,1,Evident,1.0,0.9984338292873923,0.9992163009404388
lv_roberta_base_1pct,XLM-R-base,1,Mood,1.0,0.9985573455157489,0.9992781520692975
lv_roberta_base_1pct,XLM-R-base,1,Polarity,0.9998491931835319,0.9987948177161796,0.9993217273343885
lv_roberta_base_1pct,XLM-R-base,1,Tense,0.9998050682261208,0.9986370716510904,0.9992207286187414
lv_roberta_base_1pct,XLM-R-base,1,VerbForm,0.9998471415469276,0.9987784394564055,0.9993125047742724
lv_roberta_base_1pct,XLM-R-base,1,Voice,0.9998167827042873,0.998718887262079,0.9992675334187878
lv_roberta_base_1pct,XLM-R-base,1,Definite,0.9993540051679587,0.9990313206328705,0.9991926368480543
lv_roberta_base_1pct,XLM-R-base,1,Degree,0.9997272975184074,0.9991823385118561,0.9994547437295529
lv_roberta_base_1pct,XLM-R-base,1,NumType,0.8568548387096774,0.7327586206896551,0.7899628252788105
lv_roberta_base_1pct,XLM-R-base,1,Poss,1.0,1.0,1.0
lv_roberta_base_1pct,XLM-R-base,1,Reflex,1.0,1.0,1.0
lv_roberta_base_1pct,XLM-R-base,1,Aspect,0.9991408934707904,0.9991408934707904,0.9991408934707904
lv_roberta_base_1pct,XLM-R-base,1,Typo,0.98,1.0,0.98989898989899
lv_roberta_base_1pct,XLM-R-base,1,ExtPos,1.0,1.0,1.0
lv_roberta_base_1pct,XLM-R-base,1,Abbr,1.0,1.0,1.0
lv_roberta_base_1pct,XLM-R-base,1,Foreign,1.0,1.0,1.0
lv_roberta_base_5pct,XLM-R-base,5,ExtPos,1.0,1.0,1.0
lv_roberta_base_5pct,XLM-R-base,5,Case,0.9985003172405837,0.9977521613832853,0.9981260991149421
lv_roberta_base_5pct,XLM-R-base,5,Gender,0.9986061450821162,0.9976992007750061,0.9981524669109852
lv_roberta_base_5pct,XLM-R-base,5,Number,0.9988095238095238,0.9975653946325445,0.9981870715540195
lv_roberta_base_5pct,XLM-R-base,5,Person,1.0,0.9988797610156833,0.9994395665981692
lv_roberta_base_5pct,XLM-R-base,5,PronType,1.0,0.9997227612974772,0.99986136143075
lv_roberta_base_5pct,XLM-R-base,5,Evident,1.0,0.9986793449550977,0.9993392361569975
lv_roberta_base_5pct,XLM-R-base,5,Mood,1.0,0.9987911025145068,0.9993951856779968
lv_roberta_base_5pct,XLM-R-base,5,Polarity,1.0,0.9991030049334728,0.9995513012264433
lv_roberta_base_5pct,XLM-R-base,5,Tense,1.0,0.9988396828466447,0.9994195046439628
lv_roberta_base_5pct,XLM-R-base,5,VerbForm,1.0,0.9990904956798545,0.9995450409463149
lv_roberta_base_5pct,XLM-R-base,5,Voice,1.0,0.9989132403550082,0.9994563247553461
lv_roberta_base_5pct,XLM-R-base,5,Definite,0.9996766892984158,0.9987080103359173,0.9991921150428179
lv_roberta_base_5pct,XLM-R-base,5,Degree,0.9997317596566524,0.9986602357984995,0.999195710455764
lv_roberta_base_5pct,XLM-R-base,5,Poss,1.0,1.0,1.0
lv_roberta_base_5pct,XLM-R-base,5,NumType,0.8633879781420765,0.7464566929133858,0.8006756756756757
lv_roberta_base_5pct,XLM-R-base,5,Reflex,1.0,0.9989177489177489,0.9994585814834868
lv_roberta_base_5pct,XLM-R-base,5,Aspect,1.0,0.99921875,0.9996092223524815
lv_roberta_base_5pct,XLM-R-base,5,Foreign,0.9651741293532339,0.9509803921568627,0.9580246913580247
lv_roberta_base_5pct,XLM-R-base,5,Typo,0.9583333333333334,1.0,0.9787234042553191
lv_roberta_base_5pct,XLM-R-base,5,Abbr,1.0,0.7848101265822784,0.8794326241134751
lv_roberta_base_20pct,XLM-R-base,20,ExtPos,1.0,1.0,1.0
lv_roberta_base_20pct,XLM-R-base,20,Case,0.9979748886188741,0.9980903882877148,0.9980326351116768
lv_roberta_base_20pct,XLM-R-base,20,Gender,0.9978742787731552,0.9979348882410107,0.9979045825867775
lv_roberta_base_20pct,XLM-R-base,20,Number,0.9981807845366686,0.9980673033196907,0.998124040702632
lv_roberta_base_20pct,XLM-R-base,20,Person,1.0,0.9990605035700865,0.9995300310179528
lv_roberta_base_20pct,XLM-R-base,20,PronType,1.0,0.9994517543859649,0.999725802029065
lv_roberta_base_20pct,XLM-R-base,20,Evident,1.0,0.9991902834008097,0.9995949777237748
lv_roberta_base_20pct,XLM-R-base,20,Mood,1.0,0.9992628992628992,0.9996313137519971
lv_roberta_base_20pct,XLM-R-base,20,Polarity,1.0,0.9995525059665871,0.9997762029093622
lv_roberta_base_20pct,XLM-R-base,20,Tense,1.0,0.9994152046783625,0.9997075168177829
lv_roberta_base_20pct,XLM-R-base,20,VerbForm,1.0,0.9995444191343964,0.9997721576668945
lv_roberta_base_20pct,XLM-R-base,20,Voice,1.0,0.9994540491355778,0.9997269500318557
lv_roberta_base_20pct,XLM-R-base,20,Definite,1.0,0.9987212276214834,0.999360204734485
lv_roberta_base_20pct,XLM-R-base,20,Degree,1.0,0.9989406779661016,0.9994700582935877
lv_roberta_base_20pct,XLM-R-base,20,Poss,1.0,1.0,1.0
lv_roberta_base_20pct,XLM-R-base,20,NumType,0.8841567291311755,0.7403708987161198,0.8059006211180125
lv_roberta_base_20pct,XLM-R-base,20,Reflex,1.0,1.0,1.0
lv_roberta_base_20pct,XLM-R-base,20,Aspect,1.0,1.0,1.0
lv_roberta_base_20pct,XLM-R-base,20,Foreign,0.9702380952380952,0.9588235294117647,0.9644970414201184
lv_roberta_base_20pct,XLM-R-base,20,Abbr,0.9528795811518325,0.8708133971291866,0.91
lv_roberta_base_20pct,XLM-R-base,20,Typo,1.0,1.0,1.0
lv_roberta_base_50pct,XLM-R-base,50,ExtPos,1.0,1.0,1.0
lv_roberta_base_50pct,XLM-R-base,50,Case,0.9994751574527642,0.9983108108108109,0.9988926448303999
lv_roberta_base_50pct,XLM-R-base,50,Gender,0.9993869168046103,0.9983463988241058,0.9988663868378319
lv_roberta_base_50pct,XLM-R-base,50,Number,0.9996555485389517,0.9982801123659921,0.9989673570076302
lv_roberta_base_50pct,XLM-R-base,50,Person,1.0,0.9990594431903687,0.9995295003293497
lv_roberta_base_50pct,XLM-R-base,50,PronType,1.0,0.9994473611494888,0.9997236042012161
lv_roberta_base_50pct,XLM-R-base,50,Evident,1.0,0.9989341859845456,0.9994668088509729
lv_roberta_base_50pct,XLM-R-base,50,Mood,1.0,0.9990208078335373,0.9995101640950282
lv_roberta_base_50pct,XLM-R-base,50,Polarity,1.0,0.9994051160023796,0.9997024695031241
lv_roberta_base_50pct,XLM-R-base,50,Tense,1.0,0.9992289899768697,0.9996143463170073
lv_roberta_base_50pct,XLM-R-base,50,VerbForm,1.0,0.9993940312073928,0.9996969237763297
lv_roberta_base_50pct,XLM-R-base,50,Voice,1.0,0.9992753623188406,0.9996375498368975
lv_roberta_base_50pct,XLM-R-base,50,Definite,1.0,0.9993535875888817,0.9996766892984158
lv_roberta_base_50pct,XLM-R-base,50,Degree,1.0,0.9994655264564404,0.999732691793638
lv_roberta_base_50pct,XLM-R-base,50,Poss,1.0,1.0,1.0
lv_roberta_base_50pct,XLM-R-base,50,NumType,0.9398340248962656,0.7111459968602826,0.8096514745308311
lv_roberta_base_50pct,XLM-R-base,50,Reflex,1.0,1.0,1.0
lv_roberta_base_50pct,XLM-R-base,50,Aspect,1.0,1.0,1.0
lv_roberta_base_50pct,XLM-R-base,50,Foreign,0.9788732394366197,0.9586206896551724,0.9686411149825783
lv_roberta_base_50pct,XLM-R-base,50,Abbr,0.9444444444444444,0.8348214285714286,0.8862559241706162
lv_roberta_base_50pct,XLM-R-base,50,Typo,0.6666666666666666,1.0,0.8
lv_roberta_base_100pct,XLM-R-base,100,ExtPos,1.0,0.9791666666666666,0.9894736842105264
lv_roberta_base_100pct,XLM-R-base,100,Case,0.9992404323692667,0.9979576355254712,0.9985986219782786
lv_roberta_base_100pct,XLM-R-base,100,Gender,0.9992631708215646,0.9979151336767231,0.9985886973062527
lv_roberta_base_100pct,XLM-R-base,100,Number,0.9994836192552642,0.9979948438842738,0.9987386767572526
lv_roberta_base_100pct,XLM-R-base,100,Person,1.0,0.9990636704119851,0.9995316159250586
lv_roberta_base_100pct,XLM-R-base,100,PronType,1.0,0.9997226844148641,0.9998613229787824
lv_roberta_base_100pct,XLM-R-base,100,Evident,1.0,0.9989375830013281,0.9994685091682168
lv_roberta_base_100pct,XLM-R-base,100,Mood,1.0,0.9990295972828724,0.9995145631067961
lv_roberta_base_100pct,XLM-R-base,100,Polarity,1.0,0.9994086339444116,0.9997042295178942
lv_roberta_base_100pct,XLM-R-base,100,Tense,1.0,0.999231950844854,0.9996158278908952
lv_roberta_base_100pct,XLM-R-base,100,VerbForm,1.0,0.9993980436418359,0.9996989312057805
lv_roberta_base_100pct,XLM-R-base,100,Voice,1.0,0.9992812219227314,0.9996404817544491
lv_roberta_base_100pct,XLM-R-base,100,Definite,1.0,0.99903784477229,0.9995186908390824
lv_roberta_base_100pct,XLM-R-base,100,Degree,1.0,0.9992012779552716,0.9996004794246904
lv_roberta_base_100pct,XLM-R-base,100,Poss,1.0,1.0,1.0
lv_roberta_base_100pct,XLM-R-base,100,NumType,0.9316770186335404,0.7120253164556962,0.8071748878923767
lv_roberta_base_100pct,XLM-R-base,100,Reflex,1.0,1.0,1.0
lv_roberta_base_100pct,XLM-R-base,100,Aspect,1.0,1.0,1.0
lv_roberta_base_100pct,XLM-R-base,100,Typo,1.0,1.0,1.0
lv_roberta_base_100pct,XLM-R-base,100,Foreign,0.9878787878787879,0.9644970414201184,0.9760479041916168
lv_roberta_base_100pct,XLM-R-base,100,Abbr,0.9383886255924171,0.8461538461538461,0.8898876404494382
lv_roberta_large_1pct,XLM-R-large,1,ExtPos,1.0,1.0,1.0
lv_roberta_large_1pct,XLM-R-large,1,Case,0.9972233470237751,0.9973964360101828,0.9973098840068266
lv_roberta_large_1pct,XLM-R-large,1,Gender,0.9967767439031807,0.9970799367319625,0.99692831726529
lv_roberta_large_1pct,XLM-R-large,1,Number,0.9975575120704345,0.9971044115142225,0.9973309103299449
lv_roberta_large_1pct,XLM-R-large,1,Person,0.9998213647731332,0.9975049010871503,0.9986617896333303
lv_roberta_large_1pct,XLM-R-large,1,PronType,1.0,0.998884239888424,0.9994418085403293
lv_roberta_large_1pct,XLM-R-large,1,Evident,0.9997517378351539,0.9970289675662293,0.9983884963431262
lv_roberta_large_1pct,XLM-R-large,1,Mood,0.999774062358789,0.9972954699121027,0.9985332280266275
lv_roberta_large_1pct,XLM-R-large,1,Polarity,0.9998567129961312,0.9979977116704806,0.9989263474339702
lv_roberta_large_1pct,XLM-R-large,1,Tense,0.9998142299832807,0.997405485544848,0.9986084052323964
lv_roberta_large_1pct,XLM-R-large,1,VerbForm,0.9998548831809607,0.9979721900347625,0.9989126495106923
lv_roberta_large_1pct,XLM-R-large,1,Voice,0.9996540989277066,0.9975837072833966,0.998617829993089
lv_roberta_large_1pct,XLM-R-large,1,Definite,1.0,0.9993537964458804,0.9996767937944407
lv_roberta_large_1pct,XLM-R-large,1,Degree,1.0,0.9989358872040436,0.9994676603673144
lv_roberta_large_1pct,XLM-R-large,1,Poss,1.0,1.0,1.0
lv_roberta_large_1pct,XLM-R-large,1,NumType,0.8860510805500982,0.7554438860971524,0.8155515370705244
lv_roberta_large_1pct,XLM-R-large,1,Reflex,1.0,1.0,1.0
lv_roberta_large_1pct,XLM-R-large,1,Aspect,1.0,0.9983471074380166,0.9991728701406121
lv_roberta_large_1pct,XLM-R-large,1,Typo,1.0,1.0,1.0
lv_roberta_large_5pct,XLM-R-large,5,ExtPos,1.0,1.0,1.0
lv_roberta_large_5pct,XLM-R-large,5,Case,0.9988443314457414,0.997461050201962,0.9981522115717751
lv_roberta_large_5pct,XLM-R-large,5,Gender,0.9989075681252655,0.9972129657679492,0.9980595476320417
lv_roberta_large_5pct,XLM-R-large,5,Number,0.9990912705174079,0.9973352987867106,0.9982125124131083
lv_roberta_large_5pct,XLM-R-large,5,Person,0.9998138149320425,0.9994416527079844,0.9996276991809382
lv_roberta_large_5pct,XLM-R-large,5,PronType,1.0,0.9991728701406121,0.9995862639635912
lv_roberta_large_5pct,XLM-R-large,5,Evident,0.9997350993377483,0.9989412387506618,0.9993380113862042
lv_roberta_large_5pct,XLM-R-large,5,Mood,0.9997587454764777,0.9983136593591906,0.9990356798457088
lv_roberta_large_5pct,XLM-R-large,5,Polarity,0.999851411589896,0.9989608076009501,0.999405911183722
lv_roberta_large_5pct,XLM-R-large,5,Tense,0.9998076553183305,0.9992310649750096,0.9995192769925968
lv_roberta_large_5pct,XLM-R-large,5,VerbForm,0.9998494429388738,0.9989470517448856,0.9993980436418359
lv_roberta_large_5pct,XLM-R-large,5,Voice,0.9998204345483929,0.9987443946188341,0.9992821249102657
lv_roberta_large_5pct,XLM-R-large,5,Definite,1.0,0.9993517017828201,0.9996757457846951
lv_roberta_large_5pct,XLM-R-large,5,Degree,1.0,0.99893219434063,0.999465811965812
lv_roberta_large_5pct,XLM-R-large,5,Poss,1.0,1.0,1.0
lv_roberta_large_5pct,XLM-R-large,5,NumType,0.8250460405156538,0.7417218543046358,0.7811682650392329
lv_roberta_large_5pct,XLM-R-large,5,Reflex,1.0,1.0,1.0
lv_roberta_large_5pct,XLM-R-large,5,Aspect,1.0,1.0,1.0
lv_roberta_large_5pct,XLM-R-large,5,Foreign,0.975,0.9375,0.9558823529411764
lv_roberta_large_5pct,XLM-R-large,5,Typo,1.0,0.98,0.98989898989899
lv_roberta_large_5pct,XLM-R-large,5,Abbr,0.9,0.7758620689655172,0.8333333333333334
lv_roberta_large_20pct,XLM-R-large,20,ExtPos,1.0,0.9933774834437086,0.9966777408637874
lv_roberta_large_20pct,XLM-R-large,20,Case,0.9977374253060277,0.998374550098688,0.998055886022691
lv_roberta_large_20pct,XLM-R-large,20,Gender,0.9976849031314732,0.9982930992440868,0.997988908525809
lv_roberta_large_20pct,XLM-R-large,20,Number,0.99800524336031,0.9982897212245596,0.9981474620229714
lv_roberta_large_20pct,XLM-R-large,20,Person,1.0,0.9981322375793799,0.9990652458403441
lv_roberta_large_20pct,XLM-R-large,20,PronType,1.0,0.9989007969222314,0.9994500962331593
lv_roberta_large_20pct,XLM-R-large,20,Evident,1.0,0.9981402763018066,0.999069272703098
lv_roberta_large_20pct,XLM-R-large,20,Mood,1.0,0.9982976653696498,0.9991481075818425
lv_roberta_large_20pct,XLM-R-large,20,Polarity,1.0,0.9989597265566948,0.999479592595346
lv_roberta_large_20pct,XLM-R-large,20,Tense,1.0,0.9986496913580247,0.9993243895376894
lv_roberta_large_20pct,XLM-R-large,20,VerbForm,1.0,0.9989409984871407,0.999470218723984
lv_roberta_large_20pct,XLM-R-large,20,Voice,1.0,0.9987348635459967,0.9993670313771589
lv_roberta_large_20pct,XLM-R-large,20,Definite,1.0,0.9993632601082458,0.9996815286624204
lv_roberta_large_20pct,XLM-R-large,20,Degree,1.0,0.9989381470666313,0.999468791500664
lv_roberta_large_20pct,XLM-R-large,20,Poss,1.0,1.0,1.0
lv_roberta_large_20pct,XLM-R-large,20,NumType,0.875,0.7422680412371134,0.803187250996016
lv_roberta_large_20pct,XLM-R-large,20,Reflex,1.0,1.0,1.0
lv_roberta_large_20pct,XLM-R-large,20,Aspect,1.0,1.0,1.0
lv_roberta_large_20pct,XLM-R-large,20,Foreign,0.9710743801652892,0.9631147540983607,0.9670781893004116
lv_roberta_large_20pct,XLM-R-large,20,Abbr,0.9239130434782609,0.8717948717948718,0.8970976253298153
lv_roberta_large_20pct,XLM-R-large,20,Typo,1.0,1.0,1.0
lv_roberta_large_50pct,XLM-R-large,50,ExtPos,1.0,0.9932885906040269,0.9966329966329966
lv_roberta_large_50pct,XLM-R-large,50,Case,0.9996495327102803,0.9985413384678219,0.9990951282874573
lv_roberta_large_50pct,XLM-R-large,50,Gender,0.999692818086871,0.99840471223463,0.9990483499616271
lv_roberta_large_50pct,XLM-R-large,50,Number,0.9998278236914601,0.9982809008079766,0.9990537634408602
lv_roberta_large_50pct,XLM-R-large,50,Person,1.0,0.998878714259017,0.9994390426327598
lv_roberta_large_50pct,XLM-R-large,50,PronType,1.0,0.9994485800937414,0.9997242140099283
lv_roberta_large_50pct,XLM-R-large,50,Evident,1.0,0.9981540084388185,0.9990761515111521
lv_roberta_large_50pct,XLM-R-large,50,Mood,1.0,0.9983042635658915,0.9991514122923991
lv_roberta_large_50pct,XLM-R-large,50,Polarity,1.0,0.9989594172736732,0.9994794377928162
lv_roberta_large_50pct,XLM-R-large,50,Tense,1.0,0.9986543637062668,0.9993267288640955
lv_roberta_large_50pct,XLM-R-large,50,VerbForm,1.0,0.9989411586749357,0.9994702989027621
lv_roberta_large_50pct,XLM-R-large,50,Voice,1.0,0.9987362339772522,0.9993677174600306
lv_roberta_large_50pct,XLM-R-large,50,Definite,1.0,0.9993523316062176,0.9996760609005507
lv_roberta_large_50pct,XLM-R-large,50,Degree,1.0,0.9989290495314592,0.999464237878382
lv_roberta_large_50pct,XLM-R-large,50,Poss,1.0,1.0,1.0
lv_roberta_large_50pct,XLM-R-large,50,NumType,0.9114688128772636,0.7167721518987342,0.8024800708591675
lv_roberta_large_50pct,XLM-R-large,50,Reflex,1.0,1.0,1.0
lv_roberta_large_50pct,XLM-R-large,50,Aspect,1.0,1.0,1.0
lv_roberta_large_50pct,XLM-R-large,50,Foreign,0.9813664596273292,0.9634146341463414,0.9723076923076923
lv_roberta_large_50pct,XLM-R-large,50,Abbr,0.9220183486238532,0.8701298701298701,0.8953229398663698
lv_roberta_large_50pct,XLM-R-large,50,Typo,1.0,1.0,1.0
lv_roberta_large_100pct,XLM-R-large,100,ExtPos,1.0,1.0,1.0
lv_roberta_large_100pct,XLM-R-large,100,Case,0.9995341795737743,0.9983715249505641,0.9989525139664804
lv_roberta_large_100pct,XLM-R-large,100,Gender,0.9996328478766369,0.9981059448891061,0.9988688128649608
lv_roberta_large_100pct,XLM-R-large,100,Number,0.999942634235888,0.9981103985341273,0.9990256762952775
lv_roberta_large_100pct,XLM-R-large,100,Person,1.0,0.9984914199509711,0.9992451405925646
lv_roberta_large_100pct,XLM-R-large,100,PronType,1.0,0.9994411846884604,0.999720514253773
lv_roberta_large_100pct,XLM-R-large,100,Evident,1.0,0.9981313400961025,0.999064796259185
lv_roberta_large_100pct,XLM-R-large,100,Mood,1.0,0.9982822085889571,0.999140365958492
lv_roberta_large_100pct,XLM-R-large,100,Polarity,1.0,0.9989545997610514,0.9994770265222264
lv_roberta_large_100pct,XLM-R-large,100,Tense,1.0,0.9986449864498645,0.9993220338983051
lv_roberta_large_100pct,XLM-R-large,100,VerbForm,1.0,0.9989361702127659,0.9994678020223523
lv_roberta_large_100pct,XLM-R-large,100,Voice,1.0,0.99872634643377,0.9993627674101047
lv_roberta_large_100pct,XLM-R-large,100,Definite,1.0,0.9993544222078761,0.9996771068776236
lv_roberta_large_100pct,XLM-R-large,100,Degree,1.0,0.9989267507378589,0.9994630872483221
lv_roberta_large_100pct,XLM-R-large,100,Poss,1.0,0.9945652173913043,0.9972752043596731
lv_roberta_large_100pct,XLM-R-large,100,NumType,0.9545454545454546,0.7207488299531981,0.8213333333333334
lv_roberta_large_100pct,XLM-R-large,100,Reflex,1.0,1.0,1.0
lv_roberta_large_100pct,XLM-R-large,100,Aspect,1.0,1.0,1.0
lv_roberta_large_100pct,XLM-R-large,100,Foreign,0.9761904761904762,0.9647058823529412,0.9704142011834319
lv_roberta_large_100pct,XLM-R-large,100,Typo,0.9090909090909091,0.9090909090909091,0.9090909090909091
lv_roberta_large_100pct,XLM-R-large,100,Abbr,0.9454545454545454,0.8739495798319328,0.9082969432314411
